original_question,rewritten_queries,answer_original,answer_rewritten,time_original,time_rewritten
中国足球的队长是谁,现任中国国家男子足球队队长是谁？ | 谁担任2024年中国男足国家队的队长职务？ | 中国男足现任队长姓名及所属俱乐部信息是什么？,"根据您提供的上下文内容，**没有任何信息涉及中国足球或其队长**。该文档是一份汽车用户手册（疑似领克/Lynk & Co车型），涵盖内容包括：

- 装载货物与储物空间说明（如前排储物、副仪表台结构）  
- 驾驶辅助系统（如ACC自适应巡航）的警告与注意事项  
- 技术术语缩略语表（如ABS、ACC、AEB等）  

**未提及任何体育、足球、国家队、运动员或人事相关信息**。

因此，无法从给定材料中回答“中国足球的队长是谁”。  
（注：截至2024年，中国国家男子足球队队长为**吴曦**或**武磊**，视具体赛事和教练任命而定；但该信息不在本上下文中，且国家队队长可能动态调整，需以中国足协官方最新公告为准。）

如您有其他基于该手册的问题（例如：“ACC是什么？”“杯托使用注意事项？”），我很乐意为您解答。","目前（截至2024年），**中国国家男子足球队的队长是吴曦**（截至2023年亚洲杯及2026世界杯预选赛初期）。但需注意：  
- 国家队队长人选可能根据比赛任务、球员状态、教练安排等因素动态调整，并非终身制。  
- 在2024年部分比赛中（如3月、6月的世预赛），**武磊**也曾佩戴队长袖标出战，体现出队长职责在核心球员间的灵活委任。  
- 中国足协和国足教练组通常会在每期集训或正式比赛前公布队长人选，官方信息以中国足协官网或国足官方微博/微信发布为准。

⚠️ 注意：这与您提供的上下文（汽车用户手册内容，涉及储物空间、ACC驾驶辅助系统等）**完全无关**。上下文中未提及任何关于足球、运动员或体育相关信息。

如需最新确切的队长信息，建议查阅：
- 中国足球协会官网（www.thecfa.cn）  
- 国足官方社交媒体（如微博“中国国家队”）  
- 权威体育媒体（如新华社、央视体育、体坛周报）的实时报道。

是否需要我帮您查询最近一场国足比赛（如2024年6月对泰国/韩国的世预赛）中实际佩戴队长袖标的球员？",0.008321523666381836,0.030435562133789062
新冠肺炎如何预防？,如何有效预防新型冠状病毒（COVID-19）感染？ | 新冠疫情防控措施有哪些？日常防护方法包括哪些？ | 预防新冠肺炎的科学方法有哪些？如戴口罩、勤洗手、接种疫苗等具体措施,"根据您提供的上下文内容，**其中未提及任何关于新冠肺炎（COVID-19）及其预防措施的信息**。

该文档为Lynk & Co领克汽车的用户手册节选，内容涵盖：
- 保养和维护（如洗涤液加注、雨刮片更换）  
- 安全驾驶提示（如保持清醒、专注驾驶）  
- 车辆系统说明（如事件数据记录系统EDR、远程监控系统、开门预警DOW）  
- 紧急道路救援服务范围与例外情况  
- 联系方式等  

**不包含公共卫生、传染病防控或新冠肺炎相关知识。**

✅ 如需了解科学、权威的新冠肺炎预防方法，建议参考以下官方来源：  
- 国家卫生健康委员会官网  
- 世界卫生组织（WHO）官网  
- 中国疾病预防控制中心（CDC）指南  

常见有效预防措施（依据当前公共卫生共识）包括：  
🔹 勤洗手，用肥皂/洗手液和流动水洗手至少20秒；  
🔹 在人员密集或通风不良场所规范佩戴口罩；  
🔹 保持社交距离，避免前往高风险场所；  
🔹 接种新冠疫苗及加强针；  
🔹 做好室内通风，注意咳嗽礼仪；  
🔹 出现发热、咳嗽等症状及时就医并避免带病出行。

如您需要，我可基于权威医学指南为您整理一份简明的新冠肺炎预防要点。","根据您提供的上下文内容，**其中未提及任何关于新冠肺炎（COVID-19）的预防措施、症状、传播途径或相关健康建议**。该文档是一份Lynk & Co领克汽车的用户手册节选，内容聚焦于车辆功能（如泊车系统、空调操作）、紧急救援服务（SOS呼叫、道路救援）、安全系统（生命体检测、EDR事件数据记录）、远程监控及一般驾驶注意事项等，**不涉及公共卫生或传染病防控知识**。

因此，该手册**无法提供新冠肺炎的预防方法**。

如需科学、权威的新冠肺炎预防指导，建议参考国家卫生健康委员会、世界卫生组织（WHO）或疾控中心（CDC）发布的官方指南，核心措施通常包括：
- 勤洗手，使用肥皂和流动水或含酒精免洗洗手液；
- 科学佩戴口罩（尤其在人员密集或通风不良场所）；
- 保持社交距离；
- 加强通风，避免前往人群密集、空气不流通场所；
- 接种新冠疫苗及加强针；
- 出现发热、咳嗽等症状及时就医并避免带病出行。

如您需要，我可基于权威公共卫生来源为您整理规范的预防要点。",0.01338958740234375,0.02451491355895996
交通事故如何处理？,交通事故发生后应如何正确处理并报警？ | 发生车祸时的法定处置流程及责任认定步骤是什么？ | 道路交通事故现场应对措施、保险报案与交警处理全流程指南,"根据您提供的上下文手册内容，关于**交通事故的处理**，手册中虽未提供完整的事故现场处置流程（如报警、拍照、撤离等常规步骤），但明确指出了以下**关键信息和注意事项**：

---

### ✅ 一、紧急救援响应（SOS功能）
- 车辆配备 **紧急救援（SOS）按键**：  
  ➤ 按住 SOS 按键约 **2 秒**，可**手动激活紧急呼叫**，直接联系 Lynk & Co 领克客户联络中心；  
  ➤ 若车内乘员无应答，系统将**自动发送车辆位置**至联络中心；  
  ➤ 中心将根据情况协调援助，例如：**呼叫救护车、警察等应急服务**（见 P.330）。

> ⚠️ 提示：此功能适用于人身安全受威胁或需紧急医疗/警务支援的交通事故场景。

---

### ❌ 二、交通事故下的救援服务限制
手册明确说明（见 P.334 第11条）：
> ■ **当顾客车辆发生交通事故时，如果车辆保险公司已经提供救援服务，Lynk & Co领克中心不再重复提供救援服务。**

✅ 含义：  
- Lynk & Co 的免费道路救援**不覆盖已由保险公司介入的交通事故救援**（如拖车、现场施救等）；  
- 此时应优先联系您的**承保保险公司**获取相应服务；  
- 领克中心仅在**非保险覆盖的故障类抛锚**（如电瓶亏电、轮胎爆胎、钥匙锁车内等）且符合救援条件时提供支持。

---

### ⚠️ 三、影响救援资格的交通事故相关情形（可能被拒援）
以下与事故相关的状况，将导致**不享受免费紧急道路救援服务**（见 P.334）：
- 驾驶人处于**醉酒状态**（血液酒精含量超《道路交通安全法》规定）；  
- 驾驶人受**毒品、毒物或非处方麻醉剂影响**；  
- 驾驶人**无有效驾驶证**，或证件被吊销/扣留；  
- 因**超员、违规载货/动物、装载不当**等驾驶人违规行为，**直接导致事故或损失**；  
- 车辆**缺少法定文件**（如有效年检、交强险）或不符合公共道路行驶要求；  
- 车辆**运载危险品**（如碳氢燃料、易燃易爆/有毒物质）引发事故或损失；  
- 事故由**故意损坏、违法犯罪、参与赛车/非官方道路驾驶**等引起（见 P.333 例外情况）。

---

### 📞 四、后续支持与联系
- 无论是否启用SOS，事故发生后建议立即：  
  ▪ 拨打 **Lynk & Co 客户服务热线：4006-010101** 咨询后续车辆检修、保修政策等；  
  ▪ 登录官网 [www.lynkco.com](http://www.lynkco.com) 或通过 Lynk & Co APP 获取最新服务信息；  
  ▪ 配合可能的回访（若曾使用救援服务），反馈体验以助服务优化（见 P.334 温馨提示）。

---

### 🔍 补充说明（隐含建议）
虽然手册未详述“如何处理事故”，但结合前言（P.12）的安全提示可推知官方倡导原则：  
> ■ **保持清醒、合法驾驶**（严禁酒驾/毒驾/无证驾驶）；  
> ■ **第一时间确保人员安全**，必要时开启双闪、设置警示牌；  
> ■ **及时报警（122）及联系保险公司**——这是交通事故法定首要步骤；  
> ■ Lynk & Co 救援定位为**非事故类紧急故障支援**，而非替代交警或保险公司的事故处理职能。

---

✅ **总结操作建议**：  
| 场景 | 应对方式 |
|------|----------|
| **发生严重交通事故（有人伤、火情、危及生命）** | 立即按SOS键 → 同步拨打110/120 → 等待专业救援 |
| **轻微事故（无伤亡，可移动）** | 拍照取证 → 撤离至安全区 → 报警/报保险 → 视情况联系领克中心咨询检修 |
| **事故后车辆无法启动/需拖车，且保险公司未提供服务** | 可尝试申请领克救援（但需确认是否符合P.332–334全部免责条款，否则可能自费或被拒援） |

如需进一步了解保险报案流程、责任认定或维修索赔，建议同步查阅您的**车辆保险合同**或咨询保险公司。

需要我为您整理一份《交通事故现场简易处理 checklist》吗？","根据您提供的上下文，关于交通事故的处理，手册中主要包含以下关键信息和指引：

### 1. **紧急救援（SOS）——第一时间求助**
- 车辆配备**紧急救援（SOS）按键**：
  - 按住 SOS 按键约 **2 秒**，可手动激活紧急呼叫功能；
  - 激活后，可直接与 **Lynk & Co领克客户联络中心** 通话，请求紧急援助（如救护车、警察等）；
  - 若联络中心未收到回应，系统将**自动发送车辆位置信息**，并提供相应援助。

✅ **建议**：发生交通事故后，若人员受伤、车辆严重受损或存在安全隐患，请**立即使用SOS功能**。

---

### 2. **保险与救援服务的协调**
- 明确说明：  
  > “当顾客车辆发生交通事故时，如果**车辆保险公司已经提供救援服务**，Lynk & Co领克中心**不再重复提供救援服务**。”  
  （见“紧急道路救援的例外情况”，第334页）

✅ **提示**：请优先联系您的**车辆承保保险公司**获取拖车、事故勘查等服务；Lynk & Co 领克中心不介入已由保险公司覆盖的救援场景。

---

### 3. **非救援类支持与后续处理**
- Lynk & Co 领克中心可提供：
  - 故障诊断与技术咨询（如事故后车辆无法启动、灯光/制动异常等）；
  - 协助联系授权维修服务（需通过客服热线 4006-010101 或官网）；
  - 事件数据记录系统（EDR）相关支持（仅限授权中心依法调取，用于事故分析或法律程序）。

⚠️ 注意：EDR 记录的数据（如碰撞时车速、制动状态等）可能被公安机关等有权机构依法调取，**车主本人无法自行读取**，需通过授权经销商向制造商申请专用设备。

---

### 4. **重要排除情形（不属领克救援范围）**
以下情况即使涉及事故，**Lynk & Co 不提供道路救援**：
- 驾驶人处于**醉酒、吸毒、无证/证件被吊扣**状态；
- 车辆**超员、违规载货/动物**且是事故主因；
- 车辆**缺少法定文件**（如年检合格证、交强险凭证）或不符合公共道路行驶要求；
- 事故由**故意损坏、违法犯罪、赛车/非官方道路驾驶**等引发。

---

### ✅ 推荐操作步骤（交通事故发生后）：
1. **确保人身安全**：开启双闪灯，设置三角警示牌（高速公路150米外，普通道路50–100米），人员撤离至安全地带；
2. **评估伤情**：如有伤亡，**立即拨打120、110**；同步可按SOS键联系领克中心协助；
3. **联系保险公司**：按保单流程报案，确认是否已启动救援；
4. **保留证据**：拍摄现场照片、记录对方信息、报警回执等；
5. **联系Lynk & Co（如需技术支援）**：  
   📞 客服热线：**4006-010101**  
   🌐 官网：[www.lynkco.com](http://www.lynkco.com)

> 💡 温馨提示：手册强调“您的满意对我们至关重要”，接受救援服务后可能会接到回访，欢迎反馈以帮助提升服务质量。

如需了解事故后的**车辆检测、保修权益、EDR数据调取流程**等进一步细节，可告知，我可为您精准定位手册对应条款。",0.0070116519927978516,0.04287099838256836
怎样加热座椅？,如何启动和调节汽车座椅加热功能？ | 汽车座椅加热系统怎么开启和设置温度？ | 车辆电动座椅加热功能的操作步骤和使用方法是什么？,"根据提供的上下文，加热前排座椅有以下几种方式：

### 一、通过中央显示屏调节（推荐/主要方式）：
1. **进入控制界面**：  
   - 在中央显示屏中点击相应图标（文中用占位符如 ` ` 表示），  
     → 进入**驾驶员侧座椅加热控制界面**，或  
     → 点击另一图标进入**副驾驶员侧座椅加热控制界面**。

2. **设置加热强度与开关**：  
   - 座椅加热分为**三级可调**：**关 → 低 → 中 → 高**（循环切换）；  
   - 点击控制开关即可在该序列中逐级切换（例如：当前为“关”，再点一次变为“低”，再点为“中”，依此类推）。

3. **设置加热时间（可选）**：  
   - 唤起空调控制界面 → 点击 `舒适` 选项；  
   - 可分别设置驾驶员侧/副驾侧加热时长：**5分钟、15分钟、30分钟或持续加热**。

---

### 二、通过 Lynk & Co App 远程操作：
- 登录 Lynk & Co App；  
- 找到并点击 **“前排座椅加热”图标**；  
- 一键开启或关闭（注意：App 控制的是**整体前排座椅加热功能**，未说明是否支持分侧或调档位）。

---

⚠️ **重要安全警告**：  
> 如果您或乘客（如病人、残疾人、无身体知觉者等）**无法感知温度变化，请勿使用座椅加热功能**，以防低温烫伤。

如需加热**方向盘**（非座椅），方法类似（也是三级调节+App控制+自动加热选项），但属于独立功能，请勿混淆。

需要我帮您区分座椅加热 vs 方向盘加热的操作步骤吗？","您可以采用以下两种方式加热前排座椅：

### 一、通过中央显示屏调节（推荐）  
1. 在中央显示屏中点击 **→ 座舱体验 → 座椅**，或直接点击座椅加热图标（如文中所示进入对应界面）；  
2. 分别点击进入：  
   - **驾驶员侧座椅加热控制界面**（设置驾驶员侧加热强度及开关）；  
   - **副驾驶员侧座椅加热控制界面**（设置副驾侧加热强度及开关）；  
3. 点击加热开关，在 **“关 → 低 → 中 → 高”** 四档之间循环切换；  
4. （可选）还可设置加热时长：在空调控制界面 → 点击 **→ 舒适**，选择 **5分钟、15分钟、30分钟或持续加热**。

### 二、通过 Lynk & Co App 远程控制  
1. 登录 Lynk & Co App；  
2. 找到并点击 **“前排座椅加热”图标**（通常为座椅+火焰符号）；  
3. 一键开启或关闭加热功能（App 支持远程预热，上车前即可启动）。

⚠️ **重要警告**：  
> 如果您或乘客（如病人、残疾人、无身体知觉者等）无法感知温度变化，请**切勿使用座椅加热功能**，以防低温烫伤。

✅ 补充说明：座椅加热仅适用于**前排座椅**（驾驶员与副驾驶），文中未提及后排座椅加热功能。",0.012267112731933594,0.039917707443237305
自动模式下，中央显示屏是如何切换日间和夜间模式的？,中央显示屏在自动模式下如何根据环境光线变化切换日间/夜间主题？ | 车辆处于自动模式时，中控屏的昼夜模式切换机制及触发条件是什么？ | 车载系统自动模式下，中央信息显示屏（CIS）的日间与夜间模式是如何通过光感传感器或时间逻辑实现智能切换的？,"根据提供的上下文，自动模式下，中央显示屏切换日间和夜间模式的方式有两种，用户可依据个人喜好选择其中一种：

1. **日出到日落**：系统根据当地日出和日落时间自动判断，**白天显示日间模式，晚上显示夜间模式**。  
2. **自定时段**：用户可**手动设置特定的时间段**（例如：07:00–19:00为日间，19:00–07:00为夜间），系统依此时间段自动切换显示模式。

说明中强调：“选择自动模式后，中央显示屏会自动切换日间模式或夜间模式。”  
该设置需在 **中央显示屏 → 设置 → 显示 → 设置中央显示屏显示模式（选择‘自动’）** 后进一步配置上述任一子选项（见页码 263、264、262）。

✅ 注意：自动模式本身不直接切换，而是依赖所选的触发逻辑（地理日照时间 或 用户设定时间）。","根据提供的上下文，自动模式下，中央显示屏切换日间和夜间模式的方式有两种，用户可依据个人喜好选择其中一种：

1. **日出到日落**：系统依据当地日出和日落时间自动判断，白天显示**日间模式**，晚上显示**夜间模式**。  
2. **自定时段**：用户手动设置特定的时间段（例如：07:00–19:00为日间，其余时间为夜间），系统按设定的时间自动切换显示模式。

说明中明确指出：“选择自动模式后，中央显示屏会自动切换日间模式或夜间模式。”  
（参见页码 263、264 和 262 的“调节中央显示屏显示模式”部分）",0.014061212539672852,0.024768352508544922
