question,baseline_k,rerank_pool_k,rerank_top_k,answer_original,answer_reranked,time_original,time_reranked,num_sources_original,num_sources_reranked,docs_changed
中国足球的队长是谁,3,10,3,根据现有资料无法回答这个问题。您提供的上下文内容全部是关于汽车储物空间和装载货物的说明，与足球或中国足球队无关。如果您有关于汽车方面的问题，我很乐意为您解答。,根据现有资料无法回答这个问题。您提供的上下文内容全部是关于汽车储物空间和装载货物的说明，与足球或中国足球无关。如果您有关于汽车方面的问题，我很乐意为您解答。,2.0915169715881348,6.784722566604614,3,3,False
新冠肺炎如何预防？,3,10,3,"根据现有资料无法回答这个问题。本手册内容主要涉及Lynk & Co领克汽车的使用、保养、安全系统（如事件数据记录系统、远程监控系统、开门预警系统等）及驾驶注意事项，不包含公共卫生或传染病（如新冠肺炎）的预防相关信息。

如需了解新冠肺炎的科学预防方法，建议参考国家卫生健康委员会、世界卫生组织（WHO）等权威机构发布的指南，例如：勤洗手、戴口罩、保持社交距离、接种疫苗、注意通风等。","根据现有资料无法回答这个问题。本手册内容聚焦于Lynk & Co领克汽车的使用、保养、安全系统（如事件数据记录系统、远程监控系统、开门预警系统等）及驾驶注意事项，不涉及公共卫生或传染病防控知识。

如需了解新冠肺炎的科学预防方法，建议参考国家卫生健康委员会、世界卫生组织（WHO）等权威机构发布的指南，例如：勤洗手、戴口罩、保持社交距离、接种疫苗、注意通风等。",3.278193712234497,6.818346977233887,3,3,False
交通事故如何处理？,3,10,3,"根据您提供的上下文信息，关于交通事故的处理，有以下关键内容：

1. **交通事故时的救援服务**：  
   > “当顾客车辆发生交通事故时，如果车辆保险公司已经提供救援服务，Lynk & Co领克中心不再重复提供救援服务。”（见“紧急道路救援的例外情况”，第334页）

   这表明：Lynk & Co 领克的紧急道路救援服务**不覆盖已由保险公司介入并提供救援的交通事故场景**；其服务定位是“紧急道路救援”，而非事故全权处置。

2. **SOS紧急救援功能支持**：  
   > “紧急救援（SOS）按键”可手动激活（按住约2秒），直接联系Lynk & Co领克客户联络中心，中心将根据情况提供援助（如呼叫救护车、警察等）。（见第330页）

   ✅ 建议在发生交通事故、尤其涉及人员受伤或严重车辆损毁时：  
   - 立即确保人身安全（开启双闪、设置三角警示牌、撤离至安全区域）；  
   - 如需紧急医疗或警务协助，**立即按压SOS按键**；  
   - 同时，也应**及时联系您的车辆保险公司**报案并启动理赔流程。

3. **其他相关限制提示**：  
   - 若事故由驾驶人醉酒、毒驾、无证驾驶、证件被吊扣/吊销，或严重违规（如超载、非法运载危险品等）导致，则**不属于领克紧急道路救援保障范围**（见第334页“例外情况”）；  
   - 救援服务亦不覆盖赛车、非官方道路驾驶、故意损坏、违法犯罪等引发的事故（见第333页末段）。

⚠️ 注意：上下文未提供交警报案流程、责任认定、保险理赔操作等详细步骤——这些属于《中华人民共和国道路交通安全法》及保险公司规范范畴，建议同步参照交管部门指引及保单条款执行。

如需，我可为您梳理一份简明的“交通事故现场处置四步指南”（含安全、报警、取证、联系保险/SOS）。是否需要？","根据提供的上下文信息，交通事故的处理应遵循以下步骤和注意事项：

### 1. **触发安全模式后的紧急应对**
- 如果发生碰撞导致**安全气囊触发或安全带预紧器激活**，车辆将自动进入**安全模式**：
  - 车门自动解锁，便于乘员逃生和救援；
  - **必须立即离开车辆，到达安全区域**，然后报警或求助；
  - **切勿尝试重新启动、驾驶或拖动车辆**；
  - **必须使用平板拖车**将车辆运至**Lynk & Co领克中心**进行专业检查和维修（见“安全系统”章节，第99页）。

### 2. **事故后车辆检查与维修**
- **无论碰撞程度轻重，只要发生任何碰撞，都应让Lynk & Co领克中心进行全面检查**（原文明确强调：“车辆发生任何碰撞之后，都应让Lynk & Co领克中心进行检查”）；
- **切勿自行修理车辆或重置电气装置**；
- 安全带、安全气囊等被动安全装置若已触发，需由授权服务中心评估并更换。

### 3. **人员安全与警示措施（适用于事故滞留道路时）**
- 立即穿上**放置于手套箱内的安全背心**，提升可见性，降低二次事故风险；
- 在车后按规定距离（依本地法规）设置**三角警示牌**（存放于后备厢地板下方）；
- 遵守所在地关于安全背心和三角警示牌使用的法律要求。

### 4. **紧急联络**
- 可通过中控台的 **SOS紧急救援按键**：长按约2秒，手动呼叫Lynk & Co客户联络中心，获取救护车、警察等援助；
- 若无响应，系统将自动发送车辆位置信息。

### 5. **特别警告**
- 若闻到**汽油味或发现泄漏**，**严禁重启车辆**；
- 安全系统无法杜绝所有伤害，请始终谨慎驾驶；
- **切勿自行修理故障车辆**——交通事故后的检修必须由专业机构完成。

✅ 总结关键动作：  
**保人身安全 → 设警示 → 穿反光背心 → 勿动车 → 呼叫SOS或报警 → 平板拖运至领克中心检查**

如需了解具体操作（如打开前机舱盖、使用牵引环等），可参考对应页码说明，但**牵引环仅用于特定条件下的短距离牵引，不适用于事故后受损车辆的移动**（注意牵引环使用限制：坡道角度过大或离地间隙不足可能导致损坏，且安全模式触发后严禁拖动）。",11.927271366119385,6.767428159713745,3,3,True
怎样加热座椅？,3,10,3,"您可以通过以下两种方式加热前排座椅：

### 1. 通过中央显示屏调节（推荐）：
- 点击中央显示屏上的相应图标，进入**驾驶员侧**或**副驾驶员侧**座椅加热控制界面；
- 座椅加热分为 **三级强度**：**关 → 低 → 中 → 高**，点击控制开关可在该循环中切换；
- 您还可设置加热时间（5 分钟、15 分钟、30 分钟或持续加热），操作路径为：  
  **空调控制界面 → 舒适 → 座椅加热时间设置**。

### 2. 使用 Lynk & Co App 远程控制：
- 登录 Lynk & Co App；
- 点击“打开/关闭前排座椅加热”图标，即可一键开启或关闭加热功能。

⚠️ **重要警告**：  
如果驾驶员或乘客身体无法感知温度（如病人、残疾人、无痛觉者等），请**勿使用座椅加热功能**，以防低温烫伤。

如需进一步了解通风或方向盘加热，也可随时告知。","您可以通过以下两种方式加热前排座椅：

### 1. **通过中央显示屏调节**（推荐）：
- 点击中央显示屏上的相应图标，进入座椅加热控制界面：
  - 点击 **驾驶员侧座椅加热图标**，进入驾驶员侧加热控制界面；
  - 点击 **副驾驶员侧座椅加热图标**，进入副驾侧加热控制界面。
- 加热强度分为三级：**关 → 低 → 中 → 高**，点击开关可在该循环中切换。

### 2. **通过 Lynk & Co App 远程控制**：
- 登录 Lynk & Co App；
- 找到并点击 **“前排座椅加热”图标**，即可一键打开或关闭加热功能。

⚠️ **注意事项**（警告）：  
如果本人或乘客（如病人、残疾人、无身体知觉者等）无法感知温度变化，请**切勿使用座椅加热功能**，以防烫伤。

如需设置加热时长（5/15/30分钟或持续），可在中央显示屏中打开空调控制界面 → 点击 **“舒适”** 选项进行设置。",5.666023254394531,6.346290588378906,3,3,True
自动模式下，中央显示屏是如何切换日间和夜间模式的？,3,10,3,"在自动模式下，中央显示屏会根据以下两种方式之一自动切换日间模式和夜间模式：

1. **日出到日落**：系统依据当地日出和日落时间，白天自动显示**日间模式**，夜晚自动显示**夜间模式**；  
2. **自定时段**：用户可手动设定切换的时间段（例如：19:00 切换为夜间模式，06:00 切换回日间模式），系统按设定时间自动切换。

说明中明确指出：“选择自动模式后，中央显示屏会自动切换日间模式或夜间模式。”（见页码 263 和 264）","在自动模式下，中央显示屏会依据所选的自动模式类型，自动切换日间模式或夜间模式。根据提供的资料（页码 263 和 264），自动模式包含以下两种可选方式：

- **日出到日落**：白天（日出后）显示日间模式，夜晚（日落后）自动切换为夜间模式；  
- **自定时段**：用户可自行设定具体的时间段（例如：18:00 至 06:00），在此时间段内显示夜间模式，其余时间显示日间模式。

说明中明确指出：“选择自动模式后，中央显示屏会自动切换日间模式或夜间模式。”  
该功能通过系统内置的时间/光照逻辑（结合日出日落时间或设定时段）实现，无需手动干预。",3.846503973007202,6.520660161972046,3,3,False
